Sample,Forward_Adapter,Forward_barcode,Forward_Spacer,Forward_Primer,Reverse_Adapter,Reverse_barcode,Reverse_Spacer,Reverse_Primer
A4_a_16s,AATGATACGGCGACCACCGAGATCTACACTCTTTCCCTACACGACGCTCTTCCGATCT,CCTAAACTACGG,,GGACTACNVGGGTWTCTAAT,CAAGCAGAAGACGGCATACGAGATGTGACTGGAGTTCAGACGTGTGCTCTTCCGATCT,CGTAAGATGCCT,ATGA,GTGYCAGCMGCCGCGGTAA
pos_ctrl_a_16s,AATGATACGGCGACCACCGAGATCTACACTCTTTCCCTACACGACGCTCTTCCGATCT,CCTAAACTACGG,,GGACTACNVGGGTWTCTAAT,CAAGCAGAAGACGGCATACGAGATGTGACTGGAGTTCAGACGTGTGCTCTTCCGATCT,GAGGAGTAAAGC,CGA,GTGYCAGCMGCCGCGGTAA
B5_a_16s,AATGATACGGCGACCACCGAGATCTACACTCTTTCCCTACACGACGCTCTTCCGATCT,ACAGCCACCCAT,CTA,GGACTACNVGGGTWTCTAAT,CAAGCAGAAGACGGCATACGAGATGTGACTGGAGTTCAGACGTGTGCTCTTCCGATCT,TACCGGCTTGCA,TGCGA,GTGYCAGCMGCCGCGGTAA
H1_a_16s,AATGATACGGCGACCACCGAGATCTACACTCTTTCCCTACACGACGCTCTTCCGATCT,TGTCTCGCAAGC,CTA,GGACTACNVGGGTWTCTAAT,CAAGCAGAAGACGGCATACGAGATGTGACTGGAGTTCAGACGTGTGCTCTTCCGATCT,ATGTCCGACCAA,GT,GTGYCAGCMGCCGCGGTAA
C5_a_16s,AATGATACGGCGACCACCGAGATCTACACTCTTTCCCTACACGACGCTCTTCCGATCT,TGTCTCGCAAGC,CTA,GGACTACNVGGGTWTCTAAT,CAAGCAGAAGACGGCATACGAGATGTGACTGGAGTTCAGACGTGTGCTCTTCCGATCT,TACCGGCTTGCA,TGCGA,GTGYCAGCMGCCGCGGTAA
C1_a_16s,AATGATACGGCGACCACCGAGATCTACACTCTTTCCCTACACGACGCTCTTCCGATCT,TGTCTCGCAAGC,CTA,GGACTACNVGGGTWTCTAAT,CAAGCAGAAGACGGCATACGAGATGTGACTGGAGTTCAGACGTGTGCTCTTCCGATCT,CCATCACATAGG,,GTGYCAGCMGCCGCGGTAA
D1_a_16s,AATGATACGGCGACCACCGAGATCTACACTCTTTCCCTACACGACGCTCTTCCGATCT,TGTCTCGCAAGC,CTA,GGACTACNVGGGTWTCTAAT,CAAGCAGAAGACGGCATACGAGATGTGACTGGAGTTCAGACGTGTGCTCTTCCGATCT,GTGGTATGGGAG,T,GTGYCAGCMGCCGCGGTAA
A1_a_16s,AATGATACGGCGACCACCGAGATCTACACTCTTTCCCTACACGACGCTCTTCCGATCT,TGTCTCGCAAGC,CTA,GGACTACNVGGGTWTCTAAT,CAAGCAGAAGACGGCATACGAGATGTGACTGGAGTTCAGACGTGTGCTCTTCCGATCT,CCTAAACTACGG,,GTGYCAGCMGCCGCGGTAA
G1_a_16s,AATGATACGGCGACCACCGAGATCTACACTCTTTCCCTACACGACGCTCTTCCGATCT,TGTCTCGCAAGC,CTA,GGACTACNVGGGTWTCTAAT,CAAGCAGAAGACGGCATACGAGATGTGACTGGAGTTCAGACGTGTGCTCTTCCGATCT,TGTTGCGTTTCT,GT,GTGYCAGCMGCCGCGGTAA
E1_a_16s,AATGATACGGCGACCACCGAGATCTACACTCTTTCCCTACACGACGCTCTTCCGATCT,TGTCTCGCAAGC,CTA,GGACTACNVGGGTWTCTAAT,CAAGCAGAAGACGGCATACGAGATGTGACTGGAGTTCAGACGTGTGCTCTTCCGATCT,ACTTTAAGGGTG,T,GTGYCAGCMGCCGCGGTAA
F1_a_16s,AATGATACGGCGACCACCGAGATCTACACTCTTTCCCTACACGACGCTCTTCCGATCT,TGTCTCGCAAGC,CTA,GGACTACNVGGGTWTCTAAT,CAAGCAGAAGACGGCATACGAGATGTGACTGGAGTTCAGACGTGTGCTCTTCCGATCT,GAGCAACATCCT,T,GTGYCAGCMGCCGCGGTAA
B1_a_16s,AATGATACGGCGACCACCGAGATCTACACTCTTTCCCTACACGACGCTCTTCCGATCT,TGTCTCGCAAGC,CTA,GGACTACNVGGGTWTCTAAT,CAAGCAGAAGACGGCATACGAGATGTGACTGGAGTTCAGACGTGTGCTCTTCCGATCT,TGCAGATCCAAC,,GTGYCAGCMGCCGCGGTAA
E2_a_16s,AATGATACGGCGACCACCGAGATCTACACTCTTTCCCTACACGACGCTCTTCCGATCT,GAGGAGTAAAGC,CTA,GGACTACNVGGGTWTCTAAT,CAAGCAGAAGACGGCATACGAGATGTGACTGGAGTTCAGACGTGTGCTCTTCCGATCT,GTTACGTGGTTG,ATGA,GTGYCAGCMGCCGCGGTAA
D2_a_16s,AATGATACGGCGACCACCGAGATCTACACTCTTTCCCTACACGACGCTCTTCCGATCT,GAGGAGTAAAGC,CTA,GGACTACNVGGGTWTCTAAT,CAAGCAGAAGACGGCATACGAGATGTGACTGGAGTTCAGACGTGTGCTCTTCCGATCT,GAGGAGTAAAGC,CGA,GTGYCAGCMGCCGCGGTAA
D5_a_16s,AATGATACGGCGACCACCGAGATCTACACTCTTTCCCTACACGACGCTCTTCCGATCT,GAGGAGTAAAGC,CTA,GGACTACNVGGGTWTCTAAT,CAAGCAGAAGACGGCATACGAGATGTGACTGGAGTTCAGACGTGTGCTCTTCCGATCT,TACCGGCTTGCA,TGCGA,GTGYCAGCMGCCGCGGTAA
C2_a_16s,AATGATACGGCGACCACCGAGATCTACACTCTTTCCCTACACGACGCTCTTCCGATCT,GAGGAGTAAAGC,CTA,GGACTACNVGGGTWTCTAAT,CAAGCAGAAGACGGCATACGAGATGTGACTGGAGTTCAGACGTGTGCTCTTCCGATCT,TGTCTCGCAAGC,CGA,GTGYCAGCMGCCGCGGTAA
F2_a_16s,AATGATACGGCGACCACCGAGATCTACACTCTTTCCCTACACGACGCTCTTCCGATCT,GAGGAGTAAAGC,CTA,GGACTACNVGGGTWTCTAAT,CAAGCAGAAGACGGCATACGAGATGTGACTGGAGTTCAGACGTGTGCTCTTCCGATCT,TACCGCCTCGGA,ATGA,GTGYCAGCMGCCGCGGTAA
B2_a_16s,AATGATACGGCGACCACCGAGATCTACACTCTTTCCCTACACGACGCTCTTCCGATCT,GAGGAGTAAAGC,CTA,GGACTACNVGGGTWTCTAAT,CAAGCAGAAGACGGCATACGAGATGTGACTGGAGTTCAGACGTGTGCTCTTCCGATCT,ACAGCCACCCAT,CGA,GTGYCAGCMGCCGCGGTAA
A2_a_16s,AATGATACGGCGACCACCGAGATCTACACTCTTTCCCTACACGACGCTCTTCCGATCT,GAGGAGTAAAGC,CTA,GGACTACNVGGGTWTCTAAT,CAAGCAGAAGACGGCATACGAGATGTGACTGGAGTTCAGACGTGTGCTCTTCCGATCT,AGGTACGCAATT,GT,GTGYCAGCMGCCGCGGTAA
H2_a_16s,AATGATACGGCGACCACCGAGATCTACACTCTTTCCCTACACGACGCTCTTCCGATCT,GAGGAGTAAAGC,CTA,GGACTACNVGGGTWTCTAAT,CAAGCAGAAGACGGCATACGAGATGTGACTGGAGTTCAGACGTGTGCTCTTCCGATCT,TACCGGCTTGCA,TGCGA,GTGYCAGCMGCCGCGGTAA
G2_a_16s,AATGATACGGCGACCACCGAGATCTACACTCTTTCCCTACACGACGCTCTTCCGATCT,GAGGAGTAAAGC,CTA,GGACTACNVGGGTWTCTAAT,CAAGCAGAAGACGGCATACGAGATGTGACTGGAGTTCAGACGTGTGCTCTTCCGATCT,CGTAAGATGCCT,ATGA,GTGYCAGCMGCCGCGGTAA
E5_a_16s,AATGATACGGCGACCACCGAGATCTACACTCTTTCCCTACACGACGCTCTTCCGATCT,GTTACGTGGTTG,GATA,GGACTACNVGGGTWTCTAAT,CAAGCAGAAGACGGCATACGAGATGTGACTGGAGTTCAGACGTGTGCTCTTCCGATCT,TACCGGCTTGCA,TGCGA,GTGYCAGCMGCCGCGGTAA
H3_a_16s,AATGATACGGCGACCACCGAGATCTACACTCTTTCCCTACACGACGCTCTTCCGATCT,GTTACGTGGTTG,GATA,GGACTACNVGGGTWTCTAAT,CAAGCAGAAGACGGCATACGAGATGTGACTGGAGTTCAGACGTGTGCTCTTCCGATCT,GAGACTATATGC,CCTGGAG,GTGYCAGCMGCCGCGGTAA
E3_a_16s,AATGATACGGCGACCACCGAGATCTACACTCTTTCCCTACACGACGCTCTTCCGATCT,GTTACGTGGTTG,GATA,GGACTACNVGGGTWTCTAAT,CAAGCAGAAGACGGCATACGAGATGTGACTGGAGTTCAGACGTGTGCTCTTCCGATCT,GCACTTCATTTC,GAGTGG,GTGYCAGCMGCCGCGGTAA
G3_a_16s,AATGATACGGCGACCACCGAGATCTACACTCTTTCCCTACACGACGCTCTTCCGATCT,GTTACGTGGTTG,GATA,GGACTACNVGGGTWTCTAAT,CAAGCAGAAGACGGCATACGAGATGTGACTGGAGTTCAGACGTGTGCTCTTCCGATCT,CGCGGTTACTAA,CCTGGAG,GTGYCAGCMGCCGCGGTAA
D3_a_16s,AATGATACGGCGACCACCGAGATCTACACTCTTTCCCTACACGACGCTCTTCCGATCT,GTTACGTGGTTG,GATA,GGACTACNVGGGTWTCTAAT,CAAGCAGAAGACGGCATACGAGATGTGACTGGAGTTCAGACGTGTGCTCTTCCGATCT,ATAGTTAGGGCT,GAGTGG,GTGYCAGCMGCCGCGGTAA
A3_a_16s,AATGATACGGCGACCACCGAGATCTACACTCTTTCCCTACACGACGCTCTTCCGATCT,GTTACGTGGTTG,GATA,GGACTACNVGGGTWTCTAAT,CAAGCAGAAGACGGCATACGAGATGTGACTGGAGTTCAGACGTGTGCTCTTCCGATCT,ATCTAGTGGCAA,TGCGA,GTGYCAGCMGCCGCGGTAA
F3_a_16s,AATGATACGGCGACCACCGAGATCTACACTCTTTCCCTACACGACGCTCTTCCGATCT,GTTACGTGGTTG,GATA,GGACTACNVGGGTWTCTAAT,CAAGCAGAAGACGGCATACGAGATGTGACTGGAGTTCAGACGTGTGCTCTTCCGATCT,TTAACTGGAAGC,CCTGTGG,GTGYCAGCMGCCGCGGTAA
C3_a_16s,AATGATACGGCGACCACCGAGATCTACACTCTTTCCCTACACGACGCTCTTCCGATCT,GTTACGTGGTTG,GATA,GGACTACNVGGGTWTCTAAT,CAAGCAGAAGACGGCATACGAGATGTGACTGGAGTTCAGACGTGTGCTCTTCCGATCT,CACCTTACCTTA,GAGTGG,GTGYCAGCMGCCGCGGTAA
B3_a_16s,AATGATACGGCGACCACCGAGATCTACACTCTTTCCCTACACGACGCTCTTCCGATCT,GTTACGTGGTTG,GATA,GGACTACNVGGGTWTCTAAT,CAAGCAGAAGACGGCATACGAGATGTGACTGGAGTTCAGACGTGTGCTCTTCCGATCT,CCAGGGACTTCT,TGCGT,GTGYCAGCMGCCGCGGTAA
F5_a_16s,AATGATACGGCGACCACCGAGATCTACACTCTTTCCCTACACGACGCTCTTCCGATCT,TACCGCCTCGGA,GATA,GGACTACNVGGGTWTCTAAT,CAAGCAGAAGACGGCATACGAGATGTGACTGGAGTTCAGACGTGTGCTCTTCCGATCT,TACCGGCTTGCA,TGCGA,GTGYCAGCMGCCGCGGTAA
G5_a_16s,AATGATACGGCGACCACCGAGATCTACACTCTTTCCCTACACGACGCTCTTCCGATCT,CGTAAGATGCCT,GATA,GGACTACNVGGGTWTCTAAT,CAAGCAGAAGACGGCATACGAGATGTGACTGGAGTTCAGACGTGTGCTCTTCCGATCT,TACCGGCTTGCA,TGCGA,GTGYCAGCMGCCGCGGTAA
H5_a_16s,AATGATACGGCGACCACCGAGATCTACACTCTTTCCCTACACGACGCTCTTCCGATCT,TACCGGCTTGCA,ACTCA,GGACTACNVGGGTWTCTAAT,CAAGCAGAAGACGGCATACGAGATGTGACTGGAGTTCAGACGTGTGCTCTTCCGATCT,TACCGGCTTGCA,TGCGA,GTGYCAGCMGCCGCGGTAA
neg_beads_a_16s,AATGATACGGCGACCACCGAGATCTACACTCTTTCCCTACACGACGCTCTTCCGATCT,TGCAGATCCAAC,,GGACTACNVGGGTWTCTAAT,CAAGCAGAAGACGGCATACGAGATGTGACTGGAGTTCAGACGTGTGCTCTTCCGATCT,GAGGAGTAAAGC,CGA,GTGYCAGCMGCCGCGGTAA
B4_a_16s,AATGATACGGCGACCACCGAGATCTACACTCTTTCCCTACACGACGCTCTTCCGATCT,TGCAGATCCAAC,,GGACTACNVGGGTWTCTAAT,CAAGCAGAAGACGGCATACGAGATGTGACTGGAGTTCAGACGTGTGCTCTTCCGATCT,CGTAAGATGCCT,ATGA,GTGYCAGCMGCCGCGGTAA
C4_a_16s,AATGATACGGCGACCACCGAGATCTACACTCTTTCCCTACACGACGCTCTTCCGATCT,CCATCACATAGG,,GGACTACNVGGGTWTCTAAT,CAAGCAGAAGACGGCATACGAGATGTGACTGGAGTTCAGACGTGTGCTCTTCCGATCT,CGTAAGATGCCT,ATGA,GTGYCAGCMGCCGCGGTAA
neg_PCR_a_16s,AATGATACGGCGACCACCGAGATCTACACTCTTTCCCTACACGACGCTCTTCCGATCT,CCATCACATAGG,,GGACTACNVGGGTWTCTAAT,CAAGCAGAAGACGGCATACGAGATGTGACTGGAGTTCAGACGTGTGCTCTTCCGATCT,GAGGAGTAAAGC,CGA,GTGYCAGCMGCCGCGGTAA
D4_a_16s,AATGATACGGCGACCACCGAGATCTACACTCTTTCCCTACACGACGCTCTTCCGATCT,GTGGTATGGGAG,A,GGACTACNVGGGTWTCTAAT,CAAGCAGAAGACGGCATACGAGATGTGACTGGAGTTCAGACGTGTGCTCTTCCGATCT,CGTAAGATGCCT,ATGA,GTGYCAGCMGCCGCGGTAA
E4_a_16s,AATGATACGGCGACCACCGAGATCTACACTCTTTCCCTACACGACGCTCTTCCGATCT,ACTTTAAGGGTG,A,GGACTACNVGGGTWTCTAAT,CAAGCAGAAGACGGCATACGAGATGTGACTGGAGTTCAGACGTGTGCTCTTCCGATCT,CGTAAGATGCCT,ATGA,GTGYCAGCMGCCGCGGTAA
F4_a_16s,AATGATACGGCGACCACCGAGATCTACACTCTTTCCCTACACGACGCTCTTCCGATCT,GAGCAACATCCT,A,GGACTACNVGGGTWTCTAAT,CAAGCAGAAGACGGCATACGAGATGTGACTGGAGTTCAGACGTGTGCTCTTCCGATCT,CGTAAGATGCCT,ATGA,GTGYCAGCMGCCGCGGTAA
G4_a_16s,AATGATACGGCGACCACCGAGATCTACACTCTTTCCCTACACGACGCTCTTCCGATCT,TGTTGCGTTTCT,TC,GGACTACNVGGGTWTCTAAT,CAAGCAGAAGACGGCATACGAGATGTGACTGGAGTTCAGACGTGTGCTCTTCCGATCT,CGTAAGATGCCT,ATGA,GTGYCAGCMGCCGCGGTAA
H4_a_16s,AATGATACGGCGACCACCGAGATCTACACTCTTTCCCTACACGACGCTCTTCCGATCT,ATGTCCGACCAA,TC,GGACTACNVGGGTWTCTAAT,CAAGCAGAAGACGGCATACGAGATGTGACTGGAGTTCAGACGTGTGCTCTTCCGATCT,CGTAAGATGCCT,ATGA,GTGYCAGCMGCCGCGGTAA
A5_a_16s,AATGATACGGCGACCACCGAGATCTACACTCTTTCCCTACACGACGCTCTTCCGATCT,AGGTACGCAATT,TC,GGACTACNVGGGTWTCTAAT,CAAGCAGAAGACGGCATACGAGATGTGACTGGAGTTCAGACGTGTGCTCTTCCGATCT,TACCGGCTTGCA,TGCGA,GTGYCAGCMGCCGCGGTAA
pos_ctrl_b_16s,AATGATACGGCGACCACCGAGATCTACACTCTTTCCCTACACGACGCTCTTCCGATCT,CCTAAACTACGG,,GGACTACNVGGGTWTCTAAT,CAAGCAGAAGACGGCATACGAGATGTGACTGGAGTTCAGACGTGTGCTCTTCCGATCT,TACCGCCTCGGA,ATGA,GTGYCAGCMGCCGCGGTAA
A4_b_16s,AATGATACGGCGACCACCGAGATCTACACTCTTTCCCTACACGACGCTCTTCCGATCT,CCTAAACTACGG,,GGACTACNVGGGTWTCTAAT,CAAGCAGAAGACGGCATACGAGATGTGACTGGAGTTCAGACGTGTGCTCTTCCGATCT,GTTACGTGGTTG,ATGA,GTGYCAGCMGCCGCGGTAA
B5_b_16s,AATGATACGGCGACCACCGAGATCTACACTCTTTCCCTACACGACGCTCTTCCGATCT,ACAGCCACCCAT,CTA,GGACTACNVGGGTWTCTAAT,CAAGCAGAAGACGGCATACGAGATGTGACTGGAGTTCAGACGTGTGCTCTTCCGATCT,ATCTAGTGGCAA,TGCGA,GTGYCAGCMGCCGCGGTAA
B2_b_16s,AATGATACGGCGACCACCGAGATCTACACTCTTTCCCTACACGACGCTCTTCCGATCT,ACAGCCACCCAT,CTA,GGACTACNVGGGTWTCTAAT,CAAGCAGAAGACGGCATACGAGATGTGACTGGAGTTCAGACGTGTGCTCTTCCGATCT,ACAGCCACCCAT,CGA,GTGYCAGCMGCCGCGGTAA
F2_b_16s,AATGATACGGCGACCACCGAGATCTACACTCTTTCCCTACACGACGCTCTTCCGATCT,ACAGCCACCCAT,CTA,GGACTACNVGGGTWTCTAAT,CAAGCAGAAGACGGCATACGAGATGTGACTGGAGTTCAGACGTGTGCTCTTCCGATCT,TACCGCCTCGGA,ATGA,GTGYCAGCMGCCGCGGTAA
D2_b_16s,AATGATACGGCGACCACCGAGATCTACACTCTTTCCCTACACGACGCTCTTCCGATCT,ACAGCCACCCAT,CTA,GGACTACNVGGGTWTCTAAT,CAAGCAGAAGACGGCATACGAGATGTGACTGGAGTTCAGACGTGTGCTCTTCCGATCT,GAGGAGTAAAGC,CGA,GTGYCAGCMGCCGCGGTAA
G2_b_16s,AATGATACGGCGACCACCGAGATCTACACTCTTTCCCTACACGACGCTCTTCCGATCT,ACAGCCACCCAT,CTA,GGACTACNVGGGTWTCTAAT,CAAGCAGAAGACGGCATACGAGATGTGACTGGAGTTCAGACGTGTGCTCTTCCGATCT,CGTAAGATGCCT,ATGA,GTGYCAGCMGCCGCGGTAA
E2_b_16s,AATGATACGGCGACCACCGAGATCTACACTCTTTCCCTACACGACGCTCTTCCGATCT,ACAGCCACCCAT,CTA,GGACTACNVGGGTWTCTAAT,CAAGCAGAAGACGGCATACGAGATGTGACTGGAGTTCAGACGTGTGCTCTTCCGATCT,GTTACGTGGTTG,ATGA,GTGYCAGCMGCCGCGGTAA
C2_b_16s,AATGATACGGCGACCACCGAGATCTACACTCTTTCCCTACACGACGCTCTTCCGATCT,ACAGCCACCCAT,CTA,GGACTACNVGGGTWTCTAAT,CAAGCAGAAGACGGCATACGAGATGTGACTGGAGTTCAGACGTGTGCTCTTCCGATCT,TGTCTCGCAAGC,CGA,GTGYCAGCMGCCGCGGTAA
A2_b_16s,AATGATACGGCGACCACCGAGATCTACACTCTTTCCCTACACGACGCTCTTCCGATCT,ACAGCCACCCAT,CTA,GGACTACNVGGGTWTCTAAT,CAAGCAGAAGACGGCATACGAGATGTGACTGGAGTTCAGACGTGTGCTCTTCCGATCT,AGGTACGCAATT,GT,GTGYCAGCMGCCGCGGTAA
C5_b_16s,AATGATACGGCGACCACCGAGATCTACACTCTTTCCCTACACGACGCTCTTCCGATCT,TGTCTCGCAAGC,CTA,GGACTACNVGGGTWTCTAAT,CAAGCAGAAGACGGCATACGAGATGTGACTGGAGTTCAGACGTGTGCTCTTCCGATCT,ATCTAGTGGCAA,TGCGA,GTGYCAGCMGCCGCGGTAA
A1_b_16s,AATGATACGGCGACCACCGAGATCTACACTCTTTCCCTACACGACGCTCTTCCGATCT,GAGGAGTAAAGC,CTA,GGACTACNVGGGTWTCTAAT,CAAGCAGAAGACGGCATACGAGATGTGACTGGAGTTCAGACGTGTGCTCTTCCGATCT,CCTAAACTACGG,,GTGYCAGCMGCCGCGGTAA
D5_b_16s,AATGATACGGCGACCACCGAGATCTACACTCTTTCCCTACACGACGCTCTTCCGATCT,GAGGAGTAAAGC,CTA,GGACTACNVGGGTWTCTAAT,CAAGCAGAAGACGGCATACGAGATGTGACTGGAGTTCAGACGTGTGCTCTTCCGATCT,ATCTAGTGGCAA,TGCGA,GTGYCAGCMGCCGCGGTAA
C1_b_16s,AATGATACGGCGACCACCGAGATCTACACTCTTTCCCTACACGACGCTCTTCCGATCT,GAGGAGTAAAGC,CTA,GGACTACNVGGGTWTCTAAT,CAAGCAGAAGACGGCATACGAGATGTGACTGGAGTTCAGACGTGTGCTCTTCCGATCT,CCATCACATAGG,,GTGYCAGCMGCCGCGGTAA
D1_b_16s,AATGATACGGCGACCACCGAGATCTACACTCTTTCCCTACACGACGCTCTTCCGATCT,GAGGAGTAAAGC,CTA,GGACTACNVGGGTWTCTAAT,CAAGCAGAAGACGGCATACGAGATGTGACTGGAGTTCAGACGTGTGCTCTTCCGATCT,GTGGTATGGGAG,T,GTGYCAGCMGCCGCGGTAA
B1_b_16s,AATGATACGGCGACCACCGAGATCTACACTCTTTCCCTACACGACGCTCTTCCGATCT,GAGGAGTAAAGC,CTA,GGACTACNVGGGTWTCTAAT,CAAGCAGAAGACGGCATACGAGATGTGACTGGAGTTCAGACGTGTGCTCTTCCGATCT,TGCAGATCCAAC,,GTGYCAGCMGCCGCGGTAA
F1_b_16s,AATGATACGGCGACCACCGAGATCTACACTCTTTCCCTACACGACGCTCTTCCGATCT,GAGGAGTAAAGC,CTA,GGACTACNVGGGTWTCTAAT,CAAGCAGAAGACGGCATACGAGATGTGACTGGAGTTCAGACGTGTGCTCTTCCGATCT,GAGCAACATCCT,T,GTGYCAGCMGCCGCGGTAA
G1_b_16s,AATGATACGGCGACCACCGAGATCTACACTCTTTCCCTACACGACGCTCTTCCGATCT,GAGGAGTAAAGC,CTA,GGACTACNVGGGTWTCTAAT,CAAGCAGAAGACGGCATACGAGATGTGACTGGAGTTCAGACGTGTGCTCTTCCGATCT,TGTTGCGTTTCT,GT,GTGYCAGCMGCCGCGGTAA
H1_b_16s,AATGATACGGCGACCACCGAGATCTACACTCTTTCCCTACACGACGCTCTTCCGATCT,GAGGAGTAAAGC,CTA,GGACTACNVGGGTWTCTAAT,CAAGCAGAAGACGGCATACGAGATGTGACTGGAGTTCAGACGTGTGCTCTTCCGATCT,ATGTCCGACCAA,GT,GTGYCAGCMGCCGCGGTAA
E1_b_16s,AATGATACGGCGACCACCGAGATCTACACTCTTTCCCTACACGACGCTCTTCCGATCT,GAGGAGTAAAGC,CTA,GGACTACNVGGGTWTCTAAT,CAAGCAGAAGACGGCATACGAGATGTGACTGGAGTTCAGACGTGTGCTCTTCCGATCT,ACTTTAAGGGTG,T,GTGYCAGCMGCCGCGGTAA
E5_b_16s,AATGATACGGCGACCACCGAGATCTACACTCTTTCCCTACACGACGCTCTTCCGATCT,GTTACGTGGTTG,GATA,GGACTACNVGGGTWTCTAAT,CAAGCAGAAGACGGCATACGAGATGTGACTGGAGTTCAGACGTGTGCTCTTCCGATCT,TGTTGCGTTTCT,GT,GTGYCAGCMGCCGCGGTAA
F5_b_16s,AATGATACGGCGACCACCGAGATCTACACTCTTTCCCTACACGACGCTCTTCCGATCT,TACCGCCTCGGA,GATA,GGACTACNVGGGTWTCTAAT,CAAGCAGAAGACGGCATACGAGATGTGACTGGAGTTCAGACGTGTGCTCTTCCGATCT,TGTTGCGTTTCT,GT,GTGYCAGCMGCCGCGGTAA
G5_b_16s,AATGATACGGCGACCACCGAGATCTACACTCTTTCCCTACACGACGCTCTTCCGATCT,CGTAAGATGCCT,GATA,GGACTACNVGGGTWTCTAAT,CAAGCAGAAGACGGCATACGAGATGTGACTGGAGTTCAGACGTGTGCTCTTCCGATCT,TGTTGCGTTTCT,GT,GTGYCAGCMGCCGCGGTAA
H5_b_16s,AATGATACGGCGACCACCGAGATCTACACTCTTTCCCTACACGACGCTCTTCCGATCT,TACCGGCTTGCA,ACTCA,GGACTACNVGGGTWTCTAAT,CAAGCAGAAGACGGCATACGAGATGTGACTGGAGTTCAGACGTGTGCTCTTCCGATCT,TGTTGCGTTTCT,GT,GTGYCAGCMGCCGCGGTAA
B4_b_16s,AATGATACGGCGACCACCGAGATCTACACTCTTTCCCTACACGACGCTCTTCCGATCT,TGCAGATCCAAC,,GGACTACNVGGGTWTCTAAT,CAAGCAGAAGACGGCATACGAGATGTGACTGGAGTTCAGACGTGTGCTCTTCCGATCT,GTTACGTGGTTG,ATGA,GTGYCAGCMGCCGCGGTAA
neg_beads_b_16s,AATGATACGGCGACCACCGAGATCTACACTCTTTCCCTACACGACGCTCTTCCGATCT,TGCAGATCCAAC,,GGACTACNVGGGTWTCTAAT,CAAGCAGAAGACGGCATACGAGATGTGACTGGAGTTCAGACGTGTGCTCTTCCGATCT,TACCGCCTCGGA,ATGA,GTGYCAGCMGCCGCGGTAA
neg_PCR_b_16s,AATGATACGGCGACCACCGAGATCTACACTCTTTCCCTACACGACGCTCTTCCGATCT,CCATCACATAGG,,GGACTACNVGGGTWTCTAAT,CAAGCAGAAGACGGCATACGAGATGTGACTGGAGTTCAGACGTGTGCTCTTCCGATCT,TACCGCCTCGGA,ATGA,GTGYCAGCMGCCGCGGTAA
C4_b_16s,AATGATACGGCGACCACCGAGATCTACACTCTTTCCCTACACGACGCTCTTCCGATCT,CCATCACATAGG,,GGACTACNVGGGTWTCTAAT,CAAGCAGAAGACGGCATACGAGATGTGACTGGAGTTCAGACGTGTGCTCTTCCGATCT,GTTACGTGGTTG,ATGA,GTGYCAGCMGCCGCGGTAA
D4_b_16s,AATGATACGGCGACCACCGAGATCTACACTCTTTCCCTACACGACGCTCTTCCGATCT,GTGGTATGGGAG,A,GGACTACNVGGGTWTCTAAT,CAAGCAGAAGACGGCATACGAGATGTGACTGGAGTTCAGACGTGTGCTCTTCCGATCT,GTTACGTGGTTG,ATGA,GTGYCAGCMGCCGCGGTAA
E4_b_16s,AATGATACGGCGACCACCGAGATCTACACTCTTTCCCTACACGACGCTCTTCCGATCT,ACTTTAAGGGTG,A,GGACTACNVGGGTWTCTAAT,CAAGCAGAAGACGGCATACGAGATGTGACTGGAGTTCAGACGTGTGCTCTTCCGATCT,GTTACGTGGTTG,ATGA,GTGYCAGCMGCCGCGGTAA
F4_b_16s,AATGATACGGCGACCACCGAGATCTACACTCTTTCCCTACACGACGCTCTTCCGATCT,GAGCAACATCCT,A,GGACTACNVGGGTWTCTAAT,CAAGCAGAAGACGGCATACGAGATGTGACTGGAGTTCAGACGTGTGCTCTTCCGATCT,GTTACGTGGTTG,ATGA,GTGYCAGCMGCCGCGGTAA
D3_b_16s,AATGATACGGCGACCACCGAGATCTACACTCTTTCCCTACACGACGCTCTTCCGATCT,TGTTGCGTTTCT,TC,GGACTACNVGGGTWTCTAAT,CAAGCAGAAGACGGCATACGAGATGTGACTGGAGTTCAGACGTGTGCTCTTCCGATCT,ATAGTTAGGGCT,GAGTGG,GTGYCAGCMGCCGCGGTAA
G4_b_16s,AATGATACGGCGACCACCGAGATCTACACTCTTTCCCTACACGACGCTCTTCCGATCT,TGTTGCGTTTCT,TC,GGACTACNVGGGTWTCTAAT,CAAGCAGAAGACGGCATACGAGATGTGACTGGAGTTCAGACGTGTGCTCTTCCGATCT,GTTACGTGGTTG,ATGA,GTGYCAGCMGCCGCGGTAA
A3_b_16s,AATGATACGGCGACCACCGAGATCTACACTCTTTCCCTACACGACGCTCTTCCGATCT,TGTTGCGTTTCT,TC,GGACTACNVGGGTWTCTAAT,CAAGCAGAAGACGGCATACGAGATGTGACTGGAGTTCAGACGTGTGCTCTTCCGATCT,ATCTAGTGGCAA,TGCGA,GTGYCAGCMGCCGCGGTAA
F3_b_16s,AATGATACGGCGACCACCGAGATCTACACTCTTTCCCTACACGACGCTCTTCCGATCT,TGTTGCGTTTCT,TC,GGACTACNVGGGTWTCTAAT,CAAGCAGAAGACGGCATACGAGATGTGACTGGAGTTCAGACGTGTGCTCTTCCGATCT,TTAACTGGAAGC,CCTGTGG,GTGYCAGCMGCCGCGGTAA
H2_b_16s,AATGATACGGCGACCACCGAGATCTACACTCTTTCCCTACACGACGCTCTTCCGATCT,TGTTGCGTTTCT,TC,GGACTACNVGGGTWTCTAAT,CAAGCAGAAGACGGCATACGAGATGTGACTGGAGTTCAGACGTGTGCTCTTCCGATCT,TACCGGCTTGCA,TGCGA,GTGYCAGCMGCCGCGGTAA
H3_b_16s,AATGATACGGCGACCACCGAGATCTACACTCTTTCCCTACACGACGCTCTTCCGATCT,TGTTGCGTTTCT,TC,GGACTACNVGGGTWTCTAAT,CAAGCAGAAGACGGCATACGAGATGTGACTGGAGTTCAGACGTGTGCTCTTCCGATCT,GAGACTATATGC,CCTGGAG,GTGYCAGCMGCCGCGGTAA
E3_b_16s,AATGATACGGCGACCACCGAGATCTACACTCTTTCCCTACACGACGCTCTTCCGATCT,TGTTGCGTTTCT,TC,GGACTACNVGGGTWTCTAAT,CAAGCAGAAGACGGCATACGAGATGTGACTGGAGTTCAGACGTGTGCTCTTCCGATCT,GCACTTCATTTC,GAGTGG,GTGYCAGCMGCCGCGGTAA
B3_b_16s,AATGATACGGCGACCACCGAGATCTACACTCTTTCCCTACACGACGCTCTTCCGATCT,TGTTGCGTTTCT,TC,GGACTACNVGGGTWTCTAAT,CAAGCAGAAGACGGCATACGAGATGTGACTGGAGTTCAGACGTGTGCTCTTCCGATCT,CCAGGGACTTCT,TGCGT,GTGYCAGCMGCCGCGGTAA
C3_b_16s,AATGATACGGCGACCACCGAGATCTACACTCTTTCCCTACACGACGCTCTTCCGATCT,TGTTGCGTTTCT,TC,GGACTACNVGGGTWTCTAAT,CAAGCAGAAGACGGCATACGAGATGTGACTGGAGTTCAGACGTGTGCTCTTCCGATCT,CACCTTACCTTA,GAGTGG,GTGYCAGCMGCCGCGGTAA
G3_b_16s,AATGATACGGCGACCACCGAGATCTACACTCTTTCCCTACACGACGCTCTTCCGATCT,TGTTGCGTTTCT,TC,GGACTACNVGGGTWTCTAAT,CAAGCAGAAGACGGCATACGAGATGTGACTGGAGTTCAGACGTGTGCTCTTCCGATCT,CGCGGTTACTAA,CCTGGAG,GTGYCAGCMGCCGCGGTAA
H4_b_16s,AATGATACGGCGACCACCGAGATCTACACTCTTTCCCTACACGACGCTCTTCCGATCT,ATGTCCGACCAA,TC,GGACTACNVGGGTWTCTAAT,CAAGCAGAAGACGGCATACGAGATGTGACTGGAGTTCAGACGTGTGCTCTTCCGATCT,ATCTAGTGGCAA,TGCGA,GTGYCAGCMGCCGCGGTAA
A5_b_16s,AATGATACGGCGACCACCGAGATCTACACTCTTTCCCTACACGACGCTCTTCCGATCT,AGGTACGCAATT,TC,GGACTACNVGGGTWTCTAAT,CAAGCAGAAGACGGCATACGAGATGTGACTGGAGTTCAGACGTGTGCTCTTCCGATCT,ATCTAGTGGCAA,TGCGA,GTGYCAGCMGCCGCGGTAA
A4_c_16s,AATGATACGGCGACCACCGAGATCTACACTCTTTCCCTACACGACGCTCTTCCGATCT,CCTAAACTACGG,,GGACTACNVGGGTWTCTAAT,CAAGCAGAAGACGGCATACGAGATGTGACTGGAGTTCAGACGTGTGCTCTTCCGATCT,AGGTACGCAATT,GT,GTGYCAGCMGCCGCGGTAA
pos_ctrl_c_16s,AATGATACGGCGACCACCGAGATCTACACTCTTTCCCTACACGACGCTCTTCCGATCT,CCTAAACTACGG,,GGACTACNVGGGTWTCTAAT,CAAGCAGAAGACGGCATACGAGATGTGACTGGAGTTCAGACGTGTGCTCTTCCGATCT,TGTCTCGCAAGC,CGA,GTGYCAGCMGCCGCGGTAA
A1_c_16s,AATGATACGGCGACCACCGAGATCTACACTCTTTCCCTACACGACGCTCTTCCGATCT,ACAGCCACCCAT,CTA,GGACTACNVGGGTWTCTAAT,CAAGCAGAAGACGGCATACGAGATGTGACTGGAGTTCAGACGTGTGCTCTTCCGATCT,CCTAAACTACGG,,GTGYCAGCMGCCGCGGTAA
B1_c_16s,AATGATACGGCGACCACCGAGATCTACACTCTTTCCCTACACGACGCTCTTCCGATCT,ACAGCCACCCAT,CTA,GGACTACNVGGGTWTCTAAT,CAAGCAGAAGACGGCATACGAGATGTGACTGGAGTTCAGACGTGTGCTCTTCCGATCT,TGCAGATCCAAC,,GTGYCAGCMGCCGCGGTAA
H1_c_16s,AATGATACGGCGACCACCGAGATCTACACTCTTTCCCTACACGACGCTCTTCCGATCT,ACAGCCACCCAT,CTA,GGACTACNVGGGTWTCTAAT,CAAGCAGAAGACGGCATACGAGATGTGACTGGAGTTCAGACGTGTGCTCTTCCGATCT,ATGTCCGACCAA,GT,GTGYCAGCMGCCGCGGTAA
B5_c_16s,AATGATACGGCGACCACCGAGATCTACACTCTTTCCCTACACGACGCTCTTCCGATCT,ACAGCCACCCAT,CTA,GGACTACNVGGGTWTCTAAT,CAAGCAGAAGACGGCATACGAGATGTGACTGGAGTTCAGACGTGTGCTCTTCCGATCT,CCAGGGACTTCT,TGCGT,GTGYCAGCMGCCGCGGTAA
F1_c_16s,AATGATACGGCGACCACCGAGATCTACACTCTTTCCCTACACGACGCTCTTCCGATCT,ACAGCCACCCAT,CTA,GGACTACNVGGGTWTCTAAT,CAAGCAGAAGACGGCATACGAGATGTGACTGGAGTTCAGACGTGTGCTCTTCCGATCT,GAGCAACATCCT,T,GTGYCAGCMGCCGCGGTAA
G1_c_16s,AATGATACGGCGACCACCGAGATCTACACTCTTTCCCTACACGACGCTCTTCCGATCT,ACAGCCACCCAT,CTA,GGACTACNVGGGTWTCTAAT,CAAGCAGAAGACGGCATACGAGATGTGACTGGAGTTCAGACGTGTGCTCTTCCGATCT,TGTTGCGTTTCT,GT,GTGYCAGCMGCCGCGGTAA
C1_c_16s,AATGATACGGCGACCACCGAGATCTACACTCTTTCCCTACACGACGCTCTTCCGATCT,ACAGCCACCCAT,CTA,GGACTACNVGGGTWTCTAAT,CAAGCAGAAGACGGCATACGAGATGTGACTGGAGTTCAGACGTGTGCTCTTCCGATCT,CCATCACATAGG,,GTGYCAGCMGCCGCGGTAA
D1_c_16s,AATGATACGGCGACCACCGAGATCTACACTCTTTCCCTACACGACGCTCTTCCGATCT,ACAGCCACCCAT,CTA,GGACTACNVGGGTWTCTAAT,CAAGCAGAAGACGGCATACGAGATGTGACTGGAGTTCAGACGTGTGCTCTTCCGATCT,GTGGTATGGGAG,T,GTGYCAGCMGCCGCGGTAA
E1_c_16s,AATGATACGGCGACCACCGAGATCTACACTCTTTCCCTACACGACGCTCTTCCGATCT,ACAGCCACCCAT,CTA,GGACTACNVGGGTWTCTAAT,CAAGCAGAAGACGGCATACGAGATGTGACTGGAGTTCAGACGTGTGCTCTTCCGATCT,ACTTTAAGGGTG,T,GTGYCAGCMGCCGCGGTAA
C5_c_16s,AATGATACGGCGACCACCGAGATCTACACTCTTTCCCTACACGACGCTCTTCCGATCT,TGTCTCGCAAGC,CTA,GGACTACNVGGGTWTCTAAT,CAAGCAGAAGACGGCATACGAGATGTGACTGGAGTTCAGACGTGTGCTCTTCCGATCT,CCAGGGACTTCT,TGCGT,GTGYCAGCMGCCGCGGTAA
D5_c_16s,AATGATACGGCGACCACCGAGATCTACACTCTTTCCCTACACGACGCTCTTCCGATCT,GAGGAGTAAAGC,CTA,GGACTACNVGGGTWTCTAAT,CAAGCAGAAGACGGCATACGAGATGTGACTGGAGTTCAGACGTGTGCTCTTCCGATCT,CCAGGGACTTCT,TGCGT,GTGYCAGCMGCCGCGGTAA
E5_c_16s,AATGATACGGCGACCACCGAGATCTACACTCTTTCCCTACACGACGCTCTTCCGATCT,GTTACGTGGTTG,GATA,GGACTACNVGGGTWTCTAAT,CAAGCAGAAGACGGCATACGAGATGTGACTGGAGTTCAGACGTGTGCTCTTCCGATCT,ATGTCCGACCAA,GT,GTGYCAGCMGCCGCGGTAA
F5_c_16s,AATGATACGGCGACCACCGAGATCTACACTCTTTCCCTACACGACGCTCTTCCGATCT,TACCGCCTCGGA,GATA,GGACTACNVGGGTWTCTAAT,CAAGCAGAAGACGGCATACGAGATGTGACTGGAGTTCAGACGTGTGCTCTTCCGATCT,ATGTCCGACCAA,GT,GTGYCAGCMGCCGCGGTAA
G5_c_16s,AATGATACGGCGACCACCGAGATCTACACTCTTTCCCTACACGACGCTCTTCCGATCT,CGTAAGATGCCT,GATA,GGACTACNVGGGTWTCTAAT,CAAGCAGAAGACGGCATACGAGATGTGACTGGAGTTCAGACGTGTGCTCTTCCGATCT,ATGTCCGACCAA,GT,GTGYCAGCMGCCGCGGTAA
H5_c_16s,AATGATACGGCGACCACCGAGATCTACACTCTTTCCCTACACGACGCTCTTCCGATCT,TACCGGCTTGCA,ACTCA,GGACTACNVGGGTWTCTAAT,CAAGCAGAAGACGGCATACGAGATGTGACTGGAGTTCAGACGTGTGCTCTTCCGATCT,ATGTCCGACCAA,GT,GTGYCAGCMGCCGCGGTAA
B4_c_16s,AATGATACGGCGACCACCGAGATCTACACTCTTTCCCTACACGACGCTCTTCCGATCT,TGCAGATCCAAC,,GGACTACNVGGGTWTCTAAT,CAAGCAGAAGACGGCATACGAGATGTGACTGGAGTTCAGACGTGTGCTCTTCCGATCT,AGGTACGCAATT,GT,GTGYCAGCMGCCGCGGTAA
H2_c_16s,AATGATACGGCGACCACCGAGATCTACACTCTTTCCCTACACGACGCTCTTCCGATCT,TGCAGATCCAAC,,GGACTACNVGGGTWTCTAAT,CAAGCAGAAGACGGCATACGAGATGTGACTGGAGTTCAGACGTGTGCTCTTCCGATCT,TACCGGCTTGCA,TGCGA,GTGYCAGCMGCCGCGGTAA
neg_beads_c_16s,AATGATACGGCGACCACCGAGATCTACACTCTTTCCCTACACGACGCTCTTCCGATCT,TGCAGATCCAAC,,GGACTACNVGGGTWTCTAAT,CAAGCAGAAGACGGCATACGAGATGTGACTGGAGTTCAGACGTGTGCTCTTCCGATCT,TGTCTCGCAAGC,CGA,GTGYCAGCMGCCGCGGTAA
C3_c_16s,AATGATACGGCGACCACCGAGATCTACACTCTTTCCCTACACGACGCTCTTCCGATCT,TGCAGATCCAAC,,GGACTACNVGGGTWTCTAAT,CAAGCAGAAGACGGCATACGAGATGTGACTGGAGTTCAGACGTGTGCTCTTCCGATCT,CACCTTACCTTA,GAGTGG,GTGYCAGCMGCCGCGGTAA
D3_c_16s,AATGATACGGCGACCACCGAGATCTACACTCTTTCCCTACACGACGCTCTTCCGATCT,TGCAGATCCAAC,,GGACTACNVGGGTWTCTAAT,CAAGCAGAAGACGGCATACGAGATGTGACTGGAGTTCAGACGTGTGCTCTTCCGATCT,ATAGTTAGGGCT,GAGTGG,GTGYCAGCMGCCGCGGTAA
E3_c_16s,AATGATACGGCGACCACCGAGATCTACACTCTTTCCCTACACGACGCTCTTCCGATCT,TGCAGATCCAAC,,GGACTACNVGGGTWTCTAAT,CAAGCAGAAGACGGCATACGAGATGTGACTGGAGTTCAGACGTGTGCTCTTCCGATCT,GCACTTCATTTC,GAGTGG,GTGYCAGCMGCCGCGGTAA
F3_c_16s,AATGATACGGCGACCACCGAGATCTACACTCTTTCCCTACACGACGCTCTTCCGATCT,TGCAGATCCAAC,,GGACTACNVGGGTWTCTAAT,CAAGCAGAAGACGGCATACGAGATGTGACTGGAGTTCAGACGTGTGCTCTTCCGATCT,TTAACTGGAAGC,CCTGTGG,GTGYCAGCMGCCGCGGTAA
A3_c_16s,AATGATACGGCGACCACCGAGATCTACACTCTTTCCCTACACGACGCTCTTCCGATCT,TGCAGATCCAAC,,GGACTACNVGGGTWTCTAAT,CAAGCAGAAGACGGCATACGAGATGTGACTGGAGTTCAGACGTGTGCTCTTCCGATCT,ATCTAGTGGCAA,TGCGA,GTGYCAGCMGCCGCGGTAA
H3_c_16s,AATGATACGGCGACCACCGAGATCTACACTCTTTCCCTACACGACGCTCTTCCGATCT,TGCAGATCCAAC,,GGACTACNVGGGTWTCTAAT,CAAGCAGAAGACGGCATACGAGATGTGACTGGAGTTCAGACGTGTGCTCTTCCGATCT,GAGACTATATGC,CCTGGAG,GTGYCAGCMGCCGCGGTAA
B3_c_16s,AATGATACGGCGACCACCGAGATCTACACTCTTTCCCTACACGACGCTCTTCCGATCT,TGCAGATCCAAC,,GGACTACNVGGGTWTCTAAT,CAAGCAGAAGACGGCATACGAGATGTGACTGGAGTTCAGACGTGTGCTCTTCCGATCT,CCAGGGACTTCT,TGCGT,GTGYCAGCMGCCGCGGTAA
G3_c_16s,AATGATACGGCGACCACCGAGATCTACACTCTTTCCCTACACGACGCTCTTCCGATCT,TGCAGATCCAAC,,GGACTACNVGGGTWTCTAAT,CAAGCAGAAGACGGCATACGAGATGTGACTGGAGTTCAGACGTGTGCTCTTCCGATCT,CGCGGTTACTAA,CCTGGAG,GTGYCAGCMGCCGCGGTAA
C4_c_16s,AATGATACGGCGACCACCGAGATCTACACTCTTTCCCTACACGACGCTCTTCCGATCT,CCATCACATAGG,,GGACTACNVGGGTWTCTAAT,CAAGCAGAAGACGGCATACGAGATGTGACTGGAGTTCAGACGTGTGCTCTTCCGATCT,AGGTACGCAATT,GT,GTGYCAGCMGCCGCGGTAA
neg_PCR_c_16s,AATGATACGGCGACCACCGAGATCTACACTCTTTCCCTACACGACGCTCTTCCGATCT,CCATCACATAGG,,GGACTACNVGGGTWTCTAAT,CAAGCAGAAGACGGCATACGAGATGTGACTGGAGTTCAGACGTGTGCTCTTCCGATCT,TGTCTCGCAAGC,CGA,GTGYCAGCMGCCGCGGTAA
D4_c_16s,AATGATACGGCGACCACCGAGATCTACACTCTTTCCCTACACGACGCTCTTCCGATCT,GTGGTATGGGAG,A,GGACTACNVGGGTWTCTAAT,CAAGCAGAAGACGGCATACGAGATGTGACTGGAGTTCAGACGTGTGCTCTTCCGATCT,AGGTACGCAATT,GT,GTGYCAGCMGCCGCGGTAA
E4_c_16s,AATGATACGGCGACCACCGAGATCTACACTCTTTCCCTACACGACGCTCTTCCGATCT,ACTTTAAGGGTG,A,GGACTACNVGGGTWTCTAAT,CAAGCAGAAGACGGCATACGAGATGTGACTGGAGTTCAGACGTGTGCTCTTCCGATCT,AGGTACGCAATT,GT,GTGYCAGCMGCCGCGGTAA
F4_c_16s,AATGATACGGCGACCACCGAGATCTACACTCTTTCCCTACACGACGCTCTTCCGATCT,GAGCAACATCCT,A,GGACTACNVGGGTWTCTAAT,CAAGCAGAAGACGGCATACGAGATGTGACTGGAGTTCAGACGTGTGCTCTTCCGATCT,AGGTACGCAATT,GT,GTGYCAGCMGCCGCGGTAA
G4_c_16s,AATGATACGGCGACCACCGAGATCTACACTCTTTCCCTACACGACGCTCTTCCGATCT,TGTTGCGTTTCT,TC,GGACTACNVGGGTWTCTAAT,CAAGCAGAAGACGGCATACGAGATGTGACTGGAGTTCAGACGTGTGCTCTTCCGATCT,AGGTACGCAATT,GT,GTGYCAGCMGCCGCGGTAA
H4_c_16s,AATGATACGGCGACCACCGAGATCTACACTCTTTCCCTACACGACGCTCTTCCGATCT,ATGTCCGACCAA,TC,GGACTACNVGGGTWTCTAAT,CAAGCAGAAGACGGCATACGAGATGTGACTGGAGTTCAGACGTGTGCTCTTCCGATCT,CCAGGGACTTCT,TGCGT,GTGYCAGCMGCCGCGGTAA
D2_c_16s,AATGATACGGCGACCACCGAGATCTACACTCTTTCCCTACACGACGCTCTTCCGATCT,AGGTACGCAATT,TC,GGACTACNVGGGTWTCTAAT,CAAGCAGAAGACGGCATACGAGATGTGACTGGAGTTCAGACGTGTGCTCTTCCGATCT,GAGGAGTAAAGC,CGA,GTGYCAGCMGCCGCGGTAA
B2_c_16s,AATGATACGGCGACCACCGAGATCTACACTCTTTCCCTACACGACGCTCTTCCGATCT,AGGTACGCAATT,TC,GGACTACNVGGGTWTCTAAT,CAAGCAGAAGACGGCATACGAGATGTGACTGGAGTTCAGACGTGTGCTCTTCCGATCT,ACAGCCACCCAT,CGA,GTGYCAGCMGCCGCGGTAA
C2_c_16s,AATGATACGGCGACCACCGAGATCTACACTCTTTCCCTACACGACGCTCTTCCGATCT,AGGTACGCAATT,TC,GGACTACNVGGGTWTCTAAT,CAAGCAGAAGACGGCATACGAGATGTGACTGGAGTTCAGACGTGTGCTCTTCCGATCT,TGTCTCGCAAGC,CGA,GTGYCAGCMGCCGCGGTAA
G2_c_16s,AATGATACGGCGACCACCGAGATCTACACTCTTTCCCTACACGACGCTCTTCCGATCT,AGGTACGCAATT,TC,GGACTACNVGGGTWTCTAAT,CAAGCAGAAGACGGCATACGAGATGTGACTGGAGTTCAGACGTGTGCTCTTCCGATCT,CGTAAGATGCCT,ATGA,GTGYCAGCMGCCGCGGTAA
A2_c_16s,AATGATACGGCGACCACCGAGATCTACACTCTTTCCCTACACGACGCTCTTCCGATCT,AGGTACGCAATT,TC,GGACTACNVGGGTWTCTAAT,CAAGCAGAAGACGGCATACGAGATGTGACTGGAGTTCAGACGTGTGCTCTTCCGATCT,AGGTACGCAATT,GT,GTGYCAGCMGCCGCGGTAA
A5_c_16s,AATGATACGGCGACCACCGAGATCTACACTCTTTCCCTACACGACGCTCTTCCGATCT,AGGTACGCAATT,TC,GGACTACNVGGGTWTCTAAT,CAAGCAGAAGACGGCATACGAGATGTGACTGGAGTTCAGACGTGTGCTCTTCCGATCT,CCAGGGACTTCT,TGCGT,GTGYCAGCMGCCGCGGTAA
E2_c_16s,AATGATACGGCGACCACCGAGATCTACACTCTTTCCCTACACGACGCTCTTCCGATCT,AGGTACGCAATT,TC,GGACTACNVGGGTWTCTAAT,CAAGCAGAAGACGGCATACGAGATGTGACTGGAGTTCAGACGTGTGCTCTTCCGATCT,GTTACGTGGTTG,ATGA,GTGYCAGCMGCCGCGGTAA
F2_c_16s,AATGATACGGCGACCACCGAGATCTACACTCTTTCCCTACACGACGCTCTTCCGATCT,AGGTACGCAATT,TC,GGACTACNVGGGTWTCTAAT,CAAGCAGAAGACGGCATACGAGATGTGACTGGAGTTCAGACGTGTGCTCTTCCGATCT,TACCGCCTCGGA,ATGA,GTGYCAGCMGCCGCGGTAA
