"","Kingdom","Phylum","Class","Order","Family","Genus","Species"
"ASV679","Bacteria","Proteobacteria","Betaproteobacteria","Burkholderiales","Oxalobacteraceae","Massilia",NA
"ASV885","Bacteria","Proteobacteria","Alphaproteobacteria","Sphingomonadales","Sphingomonadaceae","Sphingomonas","desiccabilis"
"ASV1001","Bacteria","Proteobacteria","Alphaproteobacteria","Rhodospirillales","Acetobacteraceae","Roseomonas",NA
"ASV1140","Bacteria","Actinobacteria","Rubrobacteria","Rubrobacterales","Rubrobacteraceae","Rubrobacter",NA
"ASV1531","Bacteria","Deinococcus-Thermus","Deinococci","Trueperales","Trueperaceae","Truepera",NA
"ASV1887","Bacteria","Proteobacteria","Deltaproteobacteria","Myxococcales","Nannocystaceae",NA,NA
"ASV2053","Bacteria","Acidobacteria","Acidobacteria_Gp6","Gp6",NA,NA,NA
"ASV7","Bacteria",NA,NA,NA,NA,NA,NA
"ASV227","Bacteria","Actinobacteria","Actinobacteria","Propionibacteriales","Propionibacteriaceae","Cutibacterium",NA
"ASV241","Bacteria","Proteobacteria","Gammaproteobacteria","Pasteurellales","Pasteurellaceae","Haemophilus","parainfluenzae"
"ASV243","Bacteria","Proteobacteria","Alphaproteobacteria","Rhodobacterales","Rhodobacteraceae","Rhodobacter",NA
"ASV267","Bacteria","Firmicutes","Bacilli","Bacillales","Bacillales_Incertae_Sedis_XI","Gemella",NA
"ASV272","Bacteria","Proteobacteria","Gammaproteobacteria","Pseudomonadales","Moraxellaceae","Acinetobacter",NA
"ASV298","Bacteria","Cyanobacteria/Chloroplast","Chloroplast","Chloroplast","Streptophyta",NA,NA
"ASV302","Bacteria","Proteobacteria","Gammaproteobacteria","Pseudomonadales","Pseudomonadaceae","Pseudomonas",NA
"ASV337","Bacteria","Firmicutes","Bacilli","Lactobacillales","Streptococcaceae","Streptococcus","sanguinis"
"ASV459","Bacteria","Firmicutes","Bacilli","Bacillales","Bacillaceae_1","Anoxybacillus",NA
"ASV481","Bacteria","Cyanobacteria/Chloroplast","Chloroplast","Chloroplast","Streptophyta",NA,NA
"ASV490","Bacteria","Actinobacteria","Actinobacteria","Micrococcales","Dermabacteraceae","Brachybacterium",NA
"ASV534","Bacteria","Cyanobacteria/Chloroplast","Chloroplast","Chloroplast","Streptophyta",NA,NA
"ASV696","Bacteria","Actinobacteria","Actinobacteria","Micrococcales","Micrococcaceae","Kocuria",NA
"ASV796","Bacteria","Proteobacteria","Gammaproteobacteria","Pseudomonadales","Moraxellaceae","Acinetobacter",NA
"ASV861","Bacteria","Proteobacteria","Alphaproteobacteria","Rhizobiales","Methylobacteriaceae","Methylobacterium","komagatae"
"ASV892","Bacteria","Firmicutes","Clostridia","Clostridiales","Peptoniphilaceae","Anaerococcus","murdochii"
"ASV1097","Bacteria","Actinobacteria","Actinobacteria","Micrococcales","Intrasporangiaceae","Ornithinimicrobium",NA
"ASV1119","Bacteria","Proteobacteria","Alphaproteobacteria","Sphingomonadales","Sphingomonadaceae","Sphingomonas",NA
"ASV1140","Bacteria","Actinobacteria","Rubrobacteria","Rubrobacterales","Rubrobacteraceae","Rubrobacter",NA
"ASV1184","Bacteria","Bacteroidetes","Flavobacteriia","Flavobacteriales","Weeksellaceae","Chryseobacterium",NA
"ASV1206","Bacteria","Proteobacteria","Alphaproteobacteria","Sphingomonadales","Sphingomonadaceae","Sphingomonas",NA
"ASV1266","Bacteria","Deinococcus-Thermus","Deinococci","Deinococcales","Deinococcaceae","Deinococcus",NA
"ASV1396","Bacteria","Proteobacteria","Gammaproteobacteria",NA,NA,NA,NA
"ASV1422","Bacteria","Bacteroidetes","Flavobacteriia","Flavobacteriales","Weeksellaceae","Chryseobacterium",NA
"ASV2139","Archaea","Thaumarchaeota","Nitrososphaerales","Nitrososphaeraceae","Nitrososphaera",NA,NA
"ASV6","Bacteria","Bacteroidetes","Chitinophagia","Chitinophagales","Chitinophagaceae","Sediminibacterium",NA
"ASV10","Bacteria","Proteobacteria","Gammaproteobacteria","Pseudomonadales","Pseudomonadaceae","Pseudomonas",NA
"ASV15","Bacteria","Proteobacteria","Betaproteobacteria","Burkholderiales","Burkholderiaceae","Paraburkholderia",NA
"ASV17","Bacteria","Bacteroidetes","Chitinophagia","Chitinophagales","Chitinophagaceae",NA,NA
"ASV18","Bacteria","Proteobacteria","Gammaproteobacteria","Pseudomonadales","Moraxellaceae","Enhydrobacter","aerosaccus"
"ASV19","Bacteria","Proteobacteria","Gammaproteobacteria","Pseudomonadales","Pseudomonadaceae","Pseudomonas",NA
"ASV20","Bacteria","Proteobacteria","Gammaproteobacteria","Gammaproteobacteria_incertae_sedis","Acidibacter",NA,NA
"ASV22","Bacteria","Bacteroidetes","Sphingobacteriia","Sphingobacteriales","Sphingobacteriaceae","Pedobacter",NA
"ASV26","Bacteria","Cyanobacteria/Chloroplast","Chloroplast","Chloroplast","Streptophyta",NA,NA
"ASV27","Bacteria","Firmicutes","Bacilli","Bacillales","Staphylococcaceae","Staphylococcus",NA
"ASV29","Bacteria","Cyanobacteria/Chloroplast","Chloroplast","Chloroplast","Streptophyta",NA,NA
"ASV30","Bacteria","Bacteroidetes","Flavobacteriia","Flavobacteriales","Weeksellaceae","Chryseobacterium",NA
"ASV33","Bacteria","Proteobacteria","Betaproteobacteria","Burkholderiales","Comamonadaceae","Delftia",NA
"ASV36","Bacteria","Proteobacteria","Alphaproteobacteria","Caulobacterales","Caulobacteraceae","Phenylobacterium",NA
"ASV37","Bacteria","Proteobacteria","Alphaproteobacteria","Rhizobiales","Rhizobiaceae",NA,NA
"ASV38","Bacteria","Proteobacteria","Betaproteobacteria","Burkholderiales","Oxalobacteraceae","Janthinobacterium",NA
"ASV43","Bacteria","Cyanobacteria/Chloroplast","Chloroplast","Chloroplast","Streptophyta",NA,NA
"ASV46","Bacteria","Proteobacteria","Gammaproteobacteria","Pseudomonadales","Moraxellaceae","Acinetobacter",NA
"ASV51","Bacteria","Actinobacteria","Actinobacteria","Mycobacteriales","Corynebacteriaceae","Corynebacterium","kroppenstedtii"
"ASV52","Bacteria","Cyanobacteria/Chloroplast","Chloroplast","Chloroplast","Streptophyta",NA,NA
"ASV53","Bacteria","Proteobacteria","Alphaproteobacteria","Caulobacterales","Caulobacteraceae","Caulobacter",NA
"ASV54","Bacteria","Proteobacteria","Gammaproteobacteria","Pseudomonadales","Moraxellaceae","Acinetobacter",NA
"ASV56","Bacteria","Proteobacteria","Gammaproteobacteria","Pseudomonadales","Pseudomonadaceae","Pseudomonas",NA
"ASV57","Bacteria","Proteobacteria","Gammaproteobacteria","Xanthomonadales","Xanthomonadaceae","Pseudoxanthomonas",NA
"ASV58","Bacteria","Firmicutes","Bacilli","Lactobacillales","Streptococcaceae","Streptococcus",NA
"ASV72","Bacteria","Proteobacteria","Alphaproteobacteria","Rhizobiales","Methylobacteriaceae","Methylobacterium",NA
"ASV74","Bacteria","Proteobacteria","Alphaproteobacteria","Rhizobiales","Rhizobiaceae","Agrobacterium",NA
"ASV77","Bacteria","Bacteroidetes","Chitinophagia","Chitinophagales","Chitinophagaceae",NA,NA
"ASV83","Bacteria","Bacteroidetes","Flavobacteriia","Flavobacteriales","Flavobacteriaceae","Flavobacterium","lindanitolerans"
"ASV86","Bacteria","Proteobacteria","Betaproteobacteria","Burkholderiales","Comamonadaceae",NA,NA
"ASV87","Bacteria","Proteobacteria","Betaproteobacteria",NA,NA,NA,NA
"ASV89","Bacteria","Actinobacteria","Actinobacteria","Mycobacteriales","Corynebacteriaceae","Corynebacterium",NA
"ASV93","Bacteria","Proteobacteria","Gammaproteobacteria","Pseudomonadales","Moraxellaceae","Acinetobacter",NA
"ASV96","Bacteria","Cyanobacteria/Chloroplast","Chloroplast","Chloroplast","Streptophyta",NA,NA
"ASV97","Bacteria","Proteobacteria","Alphaproteobacteria","Rhodospirillales","Reyranellaceae","Reyranella",NA
"ASV101","Bacteria","Bacteroidetes","Flavobacteriia","Flavobacteriales","Flavobacteriaceae","Flavobacterium",NA
"ASV102","Bacteria","Proteobacteria","Alphaproteobacteria","Rhizobiales","Methylobacteriaceae","Methylorubrum",NA
"ASV103","Bacteria","Proteobacteria","Alphaproteobacteria","Rhizobiales","Beijerinckiaceae",NA,NA
"ASV104","Bacteria","Proteobacteria","Gammaproteobacteria","Enterobacterales","Enterobacteriaceae","Klebsiella",NA
"ASV109","Bacteria","Proteobacteria","Alphaproteobacteria","Caulobacterales","Caulobacteraceae","Brevundimonas",NA
"ASV110","Bacteria","Proteobacteria","Gammaproteobacteria","Enterobacterales","Erwiniaceae","Pantoea",NA
"ASV112","Bacteria","Proteobacteria","Gammaproteobacteria","Orbales","Orbaceae","Orbus",NA
"ASV115","Bacteria","Proteobacteria","Alphaproteobacteria","Rhizobiales","Bradyrhizobiaceae","Bradyrhizobium",NA
"ASV116","Bacteria","Proteobacteria","Gammaproteobacteria","Pseudomonadales","Pseudomonadaceae","Pseudomonas",NA
"ASV123","Bacteria","Proteobacteria","Alphaproteobacteria","Sphingomonadales","Sphingomonadaceae","Sphingomonas",NA
"ASV131","Bacteria","Firmicutes","Bacilli","Lactobacillales","Lactobacillaceae","Lactobacillus","iners"
"ASV132","Bacteria","Actinobacteria","Actinobacteria","Mycobacteriales","Nocardiaceae","Rhodococcus",NA
"ASV137","Bacteria","Actinobacteria","Actinobacteria","Mycobacteriales","Lawsonellaceae","Lawsonella",NA
"ASV140","Bacteria","Proteobacteria","Deltaproteobacteria","Myxococcales","Labilitrichaceae","Labilithrix",NA
"ASV143","Bacteria","Bacteroidetes","Flavobacteriia","Flavobacteriales","Flavobacteriaceae","Flavobacterium",NA
"ASV144","Bacteria","Proteobacteria","Alphaproteobacteria","Rhizobiales","Phyllobacteriaceae","Phyllobacterium",NA
"ASV145","Bacteria","Proteobacteria","Betaproteobacteria","Burkholderiales","Comamonadaceae","Comamonas","terrigena"
"ASV146","Bacteria","Proteobacteria","Betaproteobacteria","Burkholderiales","Comamonadaceae","Curvibacter",NA
"ASV150","Bacteria","Proteobacteria","Betaproteobacteria",NA,NA,NA,NA
"ASV152","Bacteria","Proteobacteria","Gammaproteobacteria","Pseudomonadales","Moraxellaceae","Moraxella",NA
"ASV158","Bacteria","Proteobacteria","Gammaproteobacteria","Enterobacterales","Enterobacteriaceae","Klebsiella",NA
"ASV168","Bacteria","Actinobacteria","Actinobacteria","Propionibacteriales","Propionibacteriaceae","Cutibacterium",NA
"ASV171","Bacteria","Proteobacteria","Gammaproteobacteria","Xanthomonadales","Rhodanobacteraceae","Luteibacter",NA
"ASV173","Bacteria","Bacteroidetes","Chitinophagia","Chitinophagales","Chitinophagaceae","Niabella",NA
"ASV176","Bacteria","Actinobacteria","Actinobacteria","Mycobacteriales","Corynebacteriaceae","Corynebacterium",NA
"ASV179","Bacteria","Firmicutes","Bacilli","Lactobacillales","Streptococcaceae","Streptococcus",NA
"ASV181","Bacteria","Proteobacteria","Gammaproteobacteria","Xanthomonadales","Xanthomonadaceae","Stenotrophomonas","maltophilia"
"ASV185","Bacteria","Proteobacteria","Alphaproteobacteria","Sphingomonadales","Sphingomonadaceae","Sphingobium","yanoikuyae"
"ASV191","Bacteria","Proteobacteria","Betaproteobacteria","Burkholderiales","Comamonadaceae","Pelomonas",NA
"ASV200","Bacteria","Proteobacteria","Betaproteobacteria",NA,NA,NA,NA
"ASV201","Bacteria","Proteobacteria","Alphaproteobacteria","Rhizobiales","Brucellaceae","Brucella",NA
"ASV204","Bacteria","Proteobacteria","Alphaproteobacteria","Caulobacterales","Caulobacteraceae","Brevundimonas",NA
"ASV206","Bacteria","Proteobacteria","Gammaproteobacteria","Nevskiales","Nevskiaceae","Nevskia",NA
"ASV207","Bacteria","Proteobacteria","Oligoflexia","Bacteriovoracales","Bacteriovoracaceae","Peredibacter",NA
"ASV224","Bacteria","Firmicutes","Bacilli","Lactobacillales","Lactobacillaceae","Lactobacillus",NA
"ASV232","Bacteria","Proteobacteria","Betaproteobacteria","Burkholderiales","Burkholderiaceae","Burkholderia",NA
"ASV235","Bacteria","Proteobacteria","Gammaproteobacteria",NA,NA,NA,NA
"ASV238","Bacteria","Proteobacteria","Gammaproteobacteria","Xanthomonadales","Xanthomonadaceae","Stenotrophomonas",NA
"ASV239","Bacteria","Proteobacteria","Gammaproteobacteria","Enterobacterales","Enterobacteriaceae","Escherichia/Shigella",NA
"ASV240","Bacteria","Proteobacteria","Gammaproteobacteria","Xanthomonadales","Xanthomonadaceae","Stenotrophomonas",NA
"ASV253","Bacteria","Proteobacteria","Betaproteobacteria","Burkholderiales","Comamonadaceae","Pelomonas",NA
"ASV254","Bacteria","Actinobacteria","Actinobacteria","Micrococcales","Micrococcaceae","Pseudarthrobacter",NA
"ASV256","Bacteria","Cyanobacteria/Chloroplast","Chloroplast","Chloroplast","Streptophyta",NA,NA
"ASV262","Bacteria","Proteobacteria","Gammaproteobacteria","Pseudomonadales","Pseudomonadaceae","Pseudomonas",NA
"ASV263","Bacteria","Proteobacteria","Deltaproteobacteria","Bdellovibrionales","Bdellovibrionaceae","Vampirovibrio",NA
"ASV277","Bacteria","Proteobacteria","Alphaproteobacteria","Sphingomonadales","Erythrobacteraceae","Novosphingobium",NA
"ASV280","Eukaryota","Plantae","Liliopsida","Poales","Poaceae","Zea",NA
"ASV288","Bacteria","Proteobacteria","Gammaproteobacteria","Xanthomonadales","Xanthomonadaceae","Stenotrophomonas",NA
"ASV290","Bacteria","Proteobacteria","Alphaproteobacteria","Sphingomonadales","Sphingomonadaceae","Sphingobium",NA
"ASV297","Bacteria","Actinobacteria","Actinobacteria","Mycobacteriales","Corynebacteriaceae","Corynebacterium",NA
"ASV302","Bacteria","Proteobacteria","Gammaproteobacteria","Pseudomonadales","Pseudomonadaceae","Pseudomonas",NA
"ASV307","Bacteria","Bacteroidetes","Sphingobacteriia","Sphingobacteriales","Sphingobacteriaceae","Sphingobacterium",NA
"ASV311","Bacteria","Proteobacteria","Gammaproteobacteria","Legionellales","Legionellaceae","Legionella",NA
"ASV312","Bacteria","Bacteroidetes","Cytophagia","Cytophagales","Cytophagaceae","Arsenicibacter",NA
"ASV318","Bacteria","Actinobacteria","Actinobacteria","Pseudonocardiales","Pseudonocardiaceae","Pseudonocardia",NA
"ASV321","Bacteria","Proteobacteria","Alphaproteobacteria","Rhizobiales","Hyphomicrobiaceae","Hyphomicrobium","facile"
"ASV322","Bacteria","Proteobacteria","Betaproteobacteria","Burkholderiales","Burkholderiaceae","Burkholderia",NA
"ASV327","Bacteria","Verrucomicrobia","Verrucomicrobiae","Verrucomicrobiales","Verrucomicrobiaceae","Luteolibacter",NA
"ASV334","Bacteria","Firmicutes","Bacilli","Bacillales","Paenibacillaceae_1","Paenibacillus",NA
"ASV340","Bacteria","Firmicutes","Bacilli","Lactobacillales","Carnobacteriaceae","Dolosigranulum","pigrum"
"ASV355","Bacteria","Actinobacteria","Actinobacteria","Mycobacteriales","Corynebacteriaceae","Corynebacterium",NA
"ASV356","Bacteria","Proteobacteria","Betaproteobacteria","Burkholderiales","Comamonadaceae","Comamonas",NA
"ASV358","Bacteria","Proteobacteria","Alphaproteobacteria","Sphingomonadales","Erythrobacteraceae","Novosphingobium",NA
"ASV359","Bacteria","Proteobacteria","Betaproteobacteria","Burkholderiales","Oxalobacteraceae","Undibacterium","oligocarboniphilum"
"ASV364","Bacteria","Proteobacteria","Alphaproteobacteria","Caulobacterales","Caulobacteraceae","Caulobacter",NA
"ASV377","Bacteria","Proteobacteria","Alphaproteobacteria","Sphingomonadales","Erythrobacteraceae","Novosphingobium",NA
"ASV387","Bacteria","Proteobacteria","Betaproteobacteria",NA,NA,NA,NA
"ASV391","Bacteria",NA,NA,NA,NA,NA,NA
"ASV394","Bacteria","Deinococcus-Thermus","Deinococci","Deinococcales","Deinococcaceae","Deinococcus",NA
"ASV400","Bacteria","Actinobacteria","Actinobacteria","Mycobacteriales","Corynebacteriaceae","Corynebacterium",NA
"ASV404","Bacteria","Actinobacteria","Actinobacteria","Mycobacteriales","Corynebacteriaceae","Corynebacterium",NA
"ASV409","Bacteria","Proteobacteria","Alphaproteobacteria","Caulobacterales","Caulobacteraceae","Brevundimonas",NA
"ASV413","Bacteria","Proteobacteria","Gammaproteobacteria","Enterobacterales","Enterobacteriaceae",NA,NA
"ASV419","Bacteria","Bacteroidetes","Cytophagia","Cytophagales","Hymenobacteraceae","Hymenobacter",NA
"ASV425","Bacteria","Proteobacteria","Gammaproteobacteria","Legionellales","Legionellaceae","Legionella",NA
"ASV427","Bacteria","Bacteroidetes","Flavobacteriia","Flavobacteriales","Weeksellaceae","Cloacibacterium",NA
"ASV431","Bacteria","Bacteroidetes","Cytophagia","Cytophagales","Cytophagaceae","Spirosoma",NA
"ASV444","Bacteria","Proteobacteria","Alphaproteobacteria","Rhizobiales","Methylocystaceae","Methylopila",NA
"ASV445","Bacteria","Proteobacteria","Betaproteobacteria","Burkholderiales","Comamonadaceae",NA,NA
"ASV454","Bacteria","Acidobacteria","Acidobacteria_Gp1","Edaphobacter",NA,NA,NA
"ASV455","Bacteria","Proteobacteria","Gammaproteobacteria",NA,NA,NA,NA
"ASV463","Bacteria","Proteobacteria","Alphaproteobacteria","Sphingomonadales","Sphingomonadaceae","Sphingomonas",NA
"ASV473","Bacteria","Proteobacteria","Alphaproteobacteria","Rhizobiales","Rhizobiaceae",NA,NA
"ASV474","Bacteria","Proteobacteria","Betaproteobacteria",NA,NA,NA,NA
"ASV477","Bacteria","Proteobacteria","Alphaproteobacteria","Sphingomonadales","Sphingomonadaceae",NA,NA
"ASV479","Eukaryota","Plantae","Liliopsida","Poales","Poaceae","Zea",NA
"ASV486","Bacteria","Firmicutes","Clostridia","Clostridiales","Peptoniphilaceae","Finegoldia","magna"
"ASV491","Bacteria","Proteobacteria","Oligoflexia","Bacteriovoracales","Bacteriovoracaceae","Peredibacter",NA
"ASV500","Bacteria","Proteobacteria","Gammaproteobacteria","Pseudomonadales","Moraxellaceae","Acinetobacter",NA
"ASV512","Bacteria","Bacteroidetes","Chitinophagia","Chitinophagales","Chitinophagaceae",NA,NA
"ASV515","Bacteria","Actinobacteria","Actinobacteria","Micrococcales","Intrasporangiaceae","Intrasporangium",NA
"ASV519","Bacteria","Proteobacteria","Alphaproteobacteria","Rhizobiales","Devosiaceae","Devosia",NA
"ASV531","Bacteria","Firmicutes","Bacilli","Bacillales","Staphylococcaceae",NA,NA
"ASV537","Bacteria","Proteobacteria","Oligoflexia","Bacteriovoracales","Bacteriovoracaceae","Peredibacter",NA
"ASV546","Bacteria","Proteobacteria","Gammaproteobacteria","Enterobacterales","Enterobacteriaceae","Franconibacter",NA
"ASV550","Bacteria","Fusobacteria","Fusobacteriia","Fusobacteriales","Fusobacteriaceae","Fusobacterium",NA
"ASV552","Bacteria","Firmicutes","Bacilli","Lactobacillales","Streptococcaceae","Streptococcus",NA
"ASV575","Bacteria","Proteobacteria","Betaproteobacteria","Burkholderiales","Comamonadaceae","Hydrogenophaga","str."
"ASV576","Bacteria","Proteobacteria","Alphaproteobacteria","Sphingomonadales","Sphingomonadaceae","Sphingopyxis",NA
"ASV589","Bacteria","Actinobacteria","Actinobacteria","Nakamurellales","Nakamurellaceae","Nakamurella",NA
"ASV592","Bacteria","Gemmatimonadetes","Gemmatimonadetes","Gemmatimonadales","Gemmatimonadaceae","Gemmatimonas",NA
"ASV602","Bacteria","Bacteroidetes","Cytophagia","Cytophagales","Hymenobacteraceae","Hymenobacter",NA
"ASV614","Bacteria","Proteobacteria","Alphaproteobacteria","Rhizobiales","Bradyrhizobiaceae","Afipia",NA
"ASV633","Bacteria","Proteobacteria","Alphaproteobacteria","Rhizobiales","Aurantimonadaceae","Aurantimonas",NA
"ASV635","Bacteria","Actinobacteria","Actinobacteria","Mycobacteriales","Corynebacteriaceae","Corynebacterium","appendicis"
"ASV636","Bacteria","Actinobacteria","Actinobacteria","Propionibacteriales","Nocardioidaceae","Nocardioides",NA
"ASV643","Bacteria","Proteobacteria",NA,NA,NA,NA,NA
"ASV645","Bacteria","Bacteroidetes","Cytophagia","Cytophagales","Cytophagaceae","Larkinella",NA
"ASV652","Bacteria","Firmicutes","Negativicutes","Veillonellales","Veillonellaceae","Dialister","propionicifaciens"
"ASV669","Bacteria","Actinobacteria","Thermoleophilia","Solirubrobacterales",NA,NA,NA
"ASV673","Bacteria","Proteobacteria","Alphaproteobacteria","Rhizobiales","Aurantimonadaceae",NA,NA
"ASV677","Bacteria","Bacteroidetes","Sphingobacteriia","Sphingobacteriales","Sphingobacteriaceae","Pedobacter",NA
"ASV690","Bacteria","Proteobacteria","Betaproteobacteria","Burkholderiales","Comamonadaceae","Aquabacterium",NA
"ASV695","Bacteria","Bacteroidetes","Cytophagia","Cytophagales","Hymenobacteraceae","Hymenobacter",NA
"ASV698","Bacteria",NA,NA,NA,NA,NA,NA
"ASV704","Bacteria","Bacteroidetes","Chitinophagia","Chitinophagales","Chitinophagaceae",NA,NA
"ASV708","Bacteria","Proteobacteria","Alphaproteobacteria","Sphingomonadales","Erythrobacteraceae","Novosphingobium",NA
"ASV709","Bacteria","Proteobacteria","Alphaproteobacteria","Rhodospirillales","Acetobacteraceae","Acidisoma",NA
"ASV728","Bacteria","Acidobacteria","Blastocatellia","Blastocatellales","Blastocatellaceae","Stenotrophobacter",NA
"ASV731","Bacteria","Actinobacteria","Thermoleophilia",NA,NA,NA,NA
"ASV732","Bacteria","Bacteroidetes","Cytophagia","Cytophagales","Hymenobacteraceae","Hymenobacter",NA
"ASV766","Bacteria","Bacteroidetes","Cytophagia","Cytophagales","Hymenobacteraceae","Hymenobacter",NA
"ASV771","Bacteria","Actinobacteria","Actinobacteria","Mycobacteriales","Corynebacteriaceae","Corynebacterium",NA
"ASV780","Bacteria","Proteobacteria","Deltaproteobacteria","Myxococcales",NA,NA,NA
"ASV784","Bacteria","Abditibacteriota","Abditibacteria","Abditibacteriales","Abditibacteriaceae","Abditibacterium",NA
"ASV785","Bacteria","Proteobacteria","Alphaproteobacteria","Sphingomonadales","Sphingomonadaceae","Sphingomonas","yunnanensis"
"ASV787","Bacteria","Bacteroidetes","Cytophagia","Cytophagales","Cytophagaceae","Dyadobacter",NA
"ASV797","Bacteria",NA,NA,NA,NA,NA,NA
"ASV799","Bacteria","Proteobacteria","Alphaproteobacteria","Rhizobiales",NA,NA,NA
"ASV800","Bacteria","Proteobacteria","Alphaproteobacteria","Rhizobiales",NA,NA,NA
"ASV816","Bacteria","Abditibacteriota","Abditibacteria","Abditibacteriales","Abditibacteriaceae","Abditibacterium",NA
"ASV846","Bacteria",NA,NA,NA,NA,NA,NA
"ASV847","Bacteria","Actinobacteria","Actinobacteria","Propionibacteriales","Nocardioidaceae","Nocardioides",NA
"ASV859","Bacteria","Proteobacteria","Alphaproteobacteria","Rhizobiales","Methylobacteriaceae","Psychroglaciecola","arctica"
"ASV878","Bacteria","Proteobacteria","Alphaproteobacteria","Caulobacterales","Caulobacteraceae","Brevundimonas",NA
"ASV884","Bacteria","Proteobacteria","Alphaproteobacteria","Caulobacterales","Caulobacteraceae","Asticcacaulis",NA
"ASV895","Bacteria","Planctomycetes",NA,NA,NA,NA,NA
"ASV896","Bacteria",NA,NA,NA,NA,NA,NA
"ASV899","Bacteria","Proteobacteria","Betaproteobacteria","Burkholderiales","Burkholderiaceae","Robbsia",NA
"ASV900","Bacteria","Actinobacteria","Actinobacteria","Streptomycetales","Streptomycetaceae","Streptacidiphilus",NA
"ASV924","Bacteria","Proteobacteria","Gammaproteobacteria","Pseudomonadales","Moraxellaceae","Cavicella",NA
"ASV934","Bacteria","Tenericutes","Mollicutes","Mycoplasmatales","Mycoplasmataceae","Ureaplasma",NA
"ASV947","Bacteria","Firmicutes","Bacilli","Bacillales","Bacillaceae_1","Metabacillus",NA
"ASV949","Bacteria","Acidobacteria","Acidobacteria_Gp1","Granulicella",NA,NA,NA
"ASV955","Bacteria","Firmicutes","Bacilli","Bacillales","Bacillaceae_1","Aeribacillus","pallidus"
"ASV957","Bacteria","Verrucomicrobia",NA,NA,NA,NA,NA
"ASV968","Bacteria","Armatimonadetes","Armatimonadia","Armatimonadales","Armatimonadaceae","Armatimonas/Armatimonadetes_gp1",NA
"ASV971","Bacteria","Proteobacteria","Alphaproteobacteria","Sneathiellales","Sneathiellaceae","Taonella",NA
"ASV974","Bacteria","Proteobacteria","Alphaproteobacteria","Rhodospirillales","Acetobacteraceae","Acidisoma",NA
"ASV975","Bacteria","Actinobacteria","Actinobacteria","Mycobacteriales","Corynebacteriaceae","Corynebacterium","jeikeium"
"ASV991","Bacteria","Proteobacteria","Gammaproteobacteria","Xanthomonadales","Xanthomonadaceae","Stenotrophomonas",NA
"ASV999","Bacteria","Actinobacteria","Actinobacteria","Micrococcales","Micrococcaceae","Paeniglutamicibacter",NA
"ASV1004","Bacteria","Bacteroidetes","Bacteroidia","Bacteroidales","Prevotellaceae","Prevotella","denticola"
"ASV1016","Bacteria","Actinobacteria","Actinobacteria","Micrococcales","Micrococcaceae","Micrococcus",NA
"ASV1030","Bacteria","Proteobacteria","Alphaproteobacteria","Rhizobiales",NA,NA,NA
"ASV1035","Bacteria","Proteobacteria","Deltaproteobacteria","Bdellovibrionales","Bdellovibrionaceae","Vampirovibrio",NA
"ASV1046","Bacteria","Verrucomicrobia","Subdivision3",NA,NA,NA,NA
"ASV1053","Bacteria","Actinobacteria","Actinobacteria","Mycobacteriales","Mycobacteriaceae","Mycobacterium",NA
"ASV1055","Bacteria","Proteobacteria","Alphaproteobacteria","Rhizobiales",NA,NA,NA
"ASV1056","Bacteria","Actinobacteria","Actinobacteria","Nakamurellales","Nakamurellaceae","Nakamurella",NA
"ASV1068","Bacteria","Proteobacteria","Gammaproteobacteria","Pseudomonadales","Moraxellaceae","Acinetobacter","haemolyticus"
"ASV1092","Bacteria","Actinobacteria","Actinobacteria","Micrococcales","Micrococcaceae","Micrococcus",NA
"ASV1133","Bacteria","Firmicutes","Clostridia","Clostridiales","Peptoniphilaceae","Anaerococcus","hydrogenalis"
"ASV1139","Bacteria","Firmicutes","Negativicutes","Veillonellales","Veillonellaceae","Veillonella",NA
"ASV1146","Bacteria","Acidobacteria","Acidobacteria_Gp1","Granulicella",NA,NA,NA
"ASV1152","Bacteria","Proteobacteria","Deltaproteobacteria","Myxococcales",NA,NA,NA
"ASV1163","Bacteria","Bacteroidetes","Flavobacteriia","Flavobacteriales","Flavobacteriaceae","Flavobacterium",NA
"ASV1166","Bacteria","Bacteroidetes","Flavobacteriia","Flavobacteriales","Flavobacteriaceae","Flavobacterium",NA
"ASV1178","Bacteria","Bacteroidetes","Chitinophagia","Chitinophagales","Chitinophagaceae","Terrimonas",NA
"ASV1179","Bacteria","Chloroflexi",NA,NA,NA,NA,NA
"ASV1182","Bacteria","Proteobacteria","Gammaproteobacteria","Legionellales","Legionellaceae","Legionella",NA
"ASV1194","Bacteria","Firmicutes","Negativicutes","Selenomonadales","Sporomusaceae",NA,NA
"ASV1196","Bacteria","Abditibacteriota","Abditibacteria","Abditibacteriales","Abditibacteriaceae","Abditibacterium",NA
"ASV1200","Bacteria","Verrucomicrobia","Terrimicrobia","Terrimicrobiales","Terrimicrobiaceae","Terrimicrobium",NA
"ASV1217","Bacteria","Deinococcus-Thermus","Deinococci","Deinococcales","Deinococcaceae","Deinococcus",NA
"ASV1232","Bacteria","Planctomycetes","Planctomycetacia","Planctomycetales","Gemmataceae",NA,NA
"ASV1234","Bacteria","Actinobacteria","Actinobacteria","Kineosporiales","Kineosporiaceae","Kineosporia","rhamnosa"
"ASV1236","Bacteria","Proteobacteria","Alphaproteobacteria","Rhizobiales","Hyphomicrobiaceae",NA,NA
"ASV1237","Bacteria","Bacteroidetes","Sphingobacteriia","Sphingobacteriales","Sphingobacteriaceae","Mucilaginibacter",NA
"ASV1240","Bacteria","Proteobacteria","Alphaproteobacteria","Sphingomonadales","Sphingomonadaceae","Sphingomonas",NA
"ASV1266","Bacteria","Deinococcus-Thermus","Deinococci","Deinococcales","Deinococcaceae","Deinococcus",NA
"ASV1273","Bacteria","Proteobacteria",NA,NA,NA,NA,NA
"ASV1281","Bacteria","Proteobacteria","Alphaproteobacteria","Sphingomonadales","Sphingomonadaceae","Sphingopyxis",NA
"ASV1287","Bacteria","Proteobacteria","Gammaproteobacteria","Pseudomonadales","Pseudomonadaceae","Pseudomonas",NA
"ASV1300","Bacteria","Proteobacteria","Gammaproteobacteria","Gammaproteobacteria_incertae_sedis","Acidibacter",NA,NA
"ASV1302","Bacteria","Actinobacteria","Thermoleophilia","Solirubrobacterales","Patulibacteraceae","Patulibacter",NA
"ASV1303","Bacteria","Actinobacteria","Actinobacteria","Propionibacteriales","Nocardioidaceae","Nocardioides",NA
"ASV1321","Bacteria","Cyanobacteria/Chloroplast","Chloroplast","Chloroplast","Streptophyta",NA,NA
"ASV1323","Bacteria","Proteobacteria","Alphaproteobacteria","Rhizobiales","Beijerinckiaceae",NA,NA
"ASV1340","Bacteria","Proteobacteria","Alphaproteobacteria","Rhizobiales","Hyphomicrobiaceae","Hyphomicrobium",NA
"ASV1354","Bacteria","Proteobacteria","Deltaproteobacteria","Myxococcales",NA,NA,NA
"ASV1362","Bacteria","Verrucomicrobia",NA,NA,NA,NA,NA
"ASV1364","Bacteria","Bacteroidetes","Chitinophagia","Chitinophagales","Chitinophagaceae","Sediminibacterium",NA
"ASV1376","Bacteria","Proteobacteria","Gammaproteobacteria","Xanthomonadales","Rhodanobacteraceae","Rhodanobacter",NA
"ASV1399","Bacteria","Proteobacteria","Betaproteobacteria","Rhodocyclales","Zoogloeaceae","Zoogloea",NA
"ASV1405","Bacteria","Cyanobacteria/Chloroplast","Chloroplast","Chloroplast","Streptophyta",NA,NA
"ASV1435","Bacteria","Firmicutes","Bacilli","Lactobacillales","Carnobacteriaceae","Alloiococcus","otitis"
"ASV1447","Bacteria","Proteobacteria","Alphaproteobacteria","Rhizobiales",NA,NA,NA
"ASV1453","Bacteria","Firmicutes","Bacilli","Lactobacillales","Lactobacillaceae","Weissella",NA
"ASV1456","Bacteria","Bacteroidetes",NA,NA,NA,NA,NA
"ASV1464","Bacteria","Proteobacteria","Alphaproteobacteria","Sphingomonadales","Sphingomonadaceae","Rhizorhabdus",NA
"ASV1494","Bacteria","Proteobacteria","Betaproteobacteria","Neisseriales","Neisseriaceae","Kingella","oralis"
"ASV1495","Bacteria","Proteobacteria","Gammaproteobacteria",NA,NA,NA,NA
"ASV1503","Bacteria","Actinobacteria","Actinobacteria","Micrococcales","Intrasporangiaceae","Oryzihumus",NA
"ASV1508","Bacteria","Proteobacteria","Betaproteobacteria","Burkholderiales","Alcaligenaceae","Pigmentiphaga",NA
"ASV1518","Bacteria","Actinobacteria","Actinobacteria","Micromonosporales","Micromonosporaceae","Catellatospora",NA
"ASV1540","Bacteria","Bacteroidetes","Cytophagia","Cytophagales","Hymenobacteraceae","Hymenobacter",NA
"ASV1574","Bacteria","Actinobacteria","Thermoleophilia","Solirubrobacterales",NA,NA,NA
"ASV1581","Bacteria","Actinobacteria","Actinobacteria","Propionibacteriales","Nocardioidaceae","Nocardioides",NA
"ASV1585","Bacteria","Proteobacteria","Gammaproteobacteria","Xanthomonadales","Rhodanobacteraceae","Chiayiivirga",NA
"ASV1599","Bacteria","Proteobacteria","Alphaproteobacteria","Sphingomonadales","Erythrobacteraceae","Novosphingobium",NA
"ASV1605","Bacteria","Proteobacteria","Betaproteobacteria","Burkholderiales","Burkholderiaceae","Caballeronia",NA
"ASV1611","Bacteria","Actinobacteria","Thermoleophilia","Solirubrobacterales",NA,NA,NA
"ASV1613","Bacteria","Proteobacteria","Alphaproteobacteria","Rhizobiales","Beijerinckiaceae",NA,NA
"ASV1616","Bacteria","Proteobacteria","Alphaproteobacteria","Rhizobiales","Bradyrhizobiaceae","Bradyrhizobium",NA
"ASV1622","Bacteria",NA,NA,NA,NA,NA,NA
"ASV1652","Bacteria","Actinobacteria","Actinobacteria","Streptomycetales","Streptomycetaceae","Streptacidiphilus","specus"
"ASV1674","Bacteria","Actinobacteria","Acidimicrobiia","Acidimicrobiales","Iamiaceae","Aquihabitans","daechungensis"
"ASV1675","Bacteria","Actinobacteria","Thermoleophilia","Solirubrobacterales","Solirubrobacteraceae","Solirubrobacter",NA
"ASV1705","Bacteria","Actinobacteria","Thermoleophilia","Gaiellales","Gaiellaceae","Gaiella",NA
"ASV1706","Bacteria","Bacteroidetes","Bacteroidia","Bacteroidales",NA,NA,NA
"ASV1709","Bacteria","Bacteroidetes","Cytophagia","Cytophagales","Cytophagaceae","Spirosoma",NA
"ASV1712","Bacteria","Acidobacteria","Acidobacteria_Gp4","Gp4",NA,NA,NA
"ASV1728","Bacteria","Proteobacteria","Alphaproteobacteria",NA,NA,NA,NA
"ASV1739","Bacteria","Actinobacteria","Acidimicrobiia","Acidimicrobiales","Iamiaceae",NA,NA
"ASV1753","Bacteria","Firmicutes","Clostridia","Clostridiales",NA,NA,NA
"ASV1756","Bacteria","Bacteroidetes","Chitinophagia","Chitinophagales","Chitinophagaceae","Parasegetibacter",NA
"ASV1769","Bacteria","Cyanobacteria/Chloroplast","Chloroplast","Chloroplast","Chlorophyta",NA,NA
"ASV1817","Bacteria","Proteobacteria","Oligoflexia","Bacteriovoracales","Bacteriovoracaceae","Bacteriovorax",NA
"ASV1862","Bacteria","Actinobacteria","Thermoleophilia","Solirubrobacterales",NA,NA,NA
"ASV1866","Bacteria","Actinobacteria",NA,NA,NA,NA,NA
"ASV1902","Bacteria","Actinobacteria","Thermoleophilia","Solirubrobacterales",NA,NA,NA
"ASV1938","Bacteria","Actinobacteria","Thermoleophilia","Solirubrobacterales","Baekduiaceae","Baekduia",NA
"ASV2022","Bacteria","Cyanobacteria/Chloroplast","Cyanobacteria",NA,NA,NA,NA
"ASV2102","Bacteria","Proteobacteria","Betaproteobacteria","Burkholderiales","Sutterellaceae","Sutterella","stercoricanis"
"ASV2113","Bacteria","Bacteroidetes","Bacteroidia","Bacteroidales","Prevotellaceae","Prevotella","copri"
"ASV2222","Bacteria","Proteobacteria","Gammaproteobacteria",NA,NA,NA,NA
